{
  "checkpoint": "/media/skr/storage/robot_world/Genie/Genie_SKR/checkpoints/dynamics/run_20260103_133845/run_20260103_133850/checkpoint_step_7000.pt",
  "step": 7000,
  "num_samples": 30,
  "maskgit_steps": 12,
  "temperature": 1.0,
  "token_accuracy": {
    "mean": 0.983969912926356,
    "std": 0.006491034382093949,
    "min": 0.9704861044883728,
    "max": 1.0,
    "values": [
      0.9895833134651184,
      0.9722222089767456,
      0.9826388955116272,
      0.9878472089767456,
      0.9774305820465088,
      0.9826388955116272,
      0.9878472089767456,
      0.9861111044883728,
      0.9826388955116272,
      0.9826388955116272,
      0.991319477558136,
      0.984375,
      0.9791666865348816,
      0.991319477558136,
      0.9930555820465088,
      0.9895833134651184,
      0.9809027910232544,
      0.984375,
      0.9809027910232544,
      0.9774305820465088,
      0.9704861044883728,
      0.9826388955116272,
      0.9930555820465088,
      0.9791666865348816,
      0.9895833134651184,
      0.9739583134651184,
      0.9826388955116272,
      0.984375,
      0.9791666865348816,
      1.0
    ]
  },
  "psnr": {
    "mean": 28.93641929626465,
    "std": 2.6985145828264185,
    "min": 25.168407440185547,
    "max": 38.66208267211914,
    "values": [
      29.053829193115234,
      25.37810516357422,
      29.14151382446289,
      29.675504684448242,
      26.474834442138672,
      26.397445678710938,
      28.944114685058594,
      28.361915588378906,
      28.64855194091797,
      28.255542755126953,
      31.86479949951172,
      29.756576538085938,
      26.666278839111328,
      30.886734008789062,
      32.27099609375,
      30.676715850830078,
      28.053359985351562,
      28.95697593688965,
      27.18817710876465,
      27.030851364135742,
      25.168407440185547,
      28.137645721435547,
      32.73616409301758,
      27.55533218383789,
      32.517330169677734,
      26.26435089111328,
      28.398656845092773,
      28.422012329101562,
      26.547773361206055,
      38.66208267211914
    ]
  },
  "mse": {
    "mean": 0.0014818154188105837,
    "std": 0.0006935001027686908,
    "min": 0.00013607929577119648,
    "max": 0.0030420003458857536,
    "values": [
      0.0012434179661795497,
      0.0028986085671931505,
      0.001218564691953361,
      0.0010775801492854953,
      0.0022517326287925243,
      0.0022922162897884846,
      0.0012752299662679434,
      0.001458170940168202,
      0.0013650379842147231,
      0.0014943273272365332,
      0.0006509083905257285,
      0.0010576506610959768,
      0.0021546268835663795,
      0.0008153171511366963,
      0.0005927897291257977,
      0.0008557139663025737,
      0.0015655399765819311,
      0.0012714593904092908,
      0.0019106545951217413,
      0.0019811391830444336,
      0.0030420003458857536,
      0.0015354490606114268,
      0.0005325783276930451,
      0.001755767036229372,
      0.0005601018201559782,
      0.002363550243899226,
      0.0014458878431469202,
      0.0014381320215761662,
      0.0022142301313579082,
      0.00013607929577119648
    ]
  }
}