{
  "checkpoint": "/media/skr/storage/robot_world/Genie/Genie_SKR/checkpoints/dynamics/run_20260103_133845/run_20260103_133850/checkpoint_step_7000.pt",
  "step": 7000,
  "num_samples": 10,
  "maskgit_steps": 12,
  "temperature": 1.0,
  "token_accuracy": {
    "mean": 0.9855902850627899,
    "std": 0.009221017829094767,
    "min": 0.96875,
    "max": 1.0,
    "values": [
      0.9895833134651184,
      0.96875,
      0.9774305820465088,
      0.9809027910232544,
      0.9947916865348816,
      0.975694477558136,
      0.9861111044883728,
      0.9895833134651184,
      0.9930555820465088,
      1.0
    ]
  },
  "psnr": {
    "mean": 29.75732765197754,
    "std": 3.4740750823975906,
    "min": 26.08037757873535,
    "max": 38.66208267211914,
    "values": [
      29.053829193115234,
      26.08037757873535,
      28.71422004699707,
      26.809968948364258,
      31.457273483276367,
      26.217647552490234,
      29.170591354370117,
      30.86644744873047,
      30.54083824157715,
      38.66208267211914
    ]
  },
  "mse": {
    "mean": 0.0013290911650983618,
    "std": 0.0007257887571260718,
    "min": 0.00013607929577119648,
    "max": 0.002465826226398349,
    "values": [
      0.0012434179661795497,
      0.002465826226398349,
      0.001344553311355412,
      0.0020845062099397182,
      0.000714945315849036,
      0.0023891055025160313,
      0.0012104330817237496,
      0.0008191349916160107,
      0.0008829097496345639,
      0.00013607929577119648
    ]
  }
}