{
  "psnr": {
    "psnr_mean": 28.754530487060546,
    "psnr_std": 0.5254236193862706,
    "psnr_min": 27.051801681518555,
    "psnr_max": 30.02779769897461,
    "num_samples": 50
  },
  "fvd": {
    "fvd": 29.62611275277408,
    "num_videos": 20
  }
}