{
  "psnr": {
    "psnr_mean": 21.965164680480957,
    "psnr_std": 0.12102607642225985,
    "psnr_min": 21.653118133544922,
    "psnr_max": 22.14336585998535,
    "num_samples": 50
  },
  "fvd": {
    "fvd": 191.46862300224512,
    "num_videos": 20
  }
}