{
  "psnr": {
    "psnr_mean": 28.50885875701904,
    "psnr_std": 0.48860445883637643,
    "psnr_min": 27.200490951538086,
    "psnr_max": 29.685596466064453,
    "num_samples": 50
  },
  "fvd": {
    "fvd": 35.55842408266533,
    "num_videos": 20
  }
}