{
  "psnr": {
    "psnr_mean": 28.674127197265626,
    "psnr_std": 0.6077143160903863,
    "psnr_min": 26.9162654876709,
    "psnr_max": 30.025127410888672,
    "num_samples": 50
  }
}